{"cameraMode":{"drawMode":0,"name":"Shaded","section":"Shading Mode"},"sceneLighting":true,"audioPlay":false,"sceneViewState":{"m_AlwaysRefresh":false,"showFog":true,"showSkybox":true,"showFlares":true,"showImageEffects":true,"showParticleSystems":true,"showVisualEffectGraphs":true,"m_FxEnabled":true},"in2DMode":false,"pivot":{"x":21.36591148376465,"y":4.451450347900391,"z":56.44027328491211},"rotation":{"x":0.21437714993953706,"y":0.14154282212257386,"z":-0.031413812190294269,"w":0.9659308791160584},"size":27.516128540039064,"orthographic":false}