{"cameraMode":{"drawMode":0,"name":"Shaded","section":"Shading Mode"},"sceneLighting":false,"audioPlay":false,"sceneViewState":{"m_AlwaysRefresh":false,"showFog":true,"showSkybox":false,"showFlares":true,"showImageEffects":true,"showParticleSystems":true,"showVisualEffectGraphs":true,"m_FxEnabled":true},"in2DMode":false,"pivot":{"x":-0.46320414543151858,"y":1.4534330368041993,"z":-0.5874276161193848},"rotation":{"x":0.060293715447187427,"y":0.30236679315567019,"z":-0.01916802115738392,"w":0.9510936141014099},"size":2.635493278503418,"orthographic":false}