{"cameraMode":{"drawMode":0,"name":"Shaded","section":"Shading Mode"},"sceneLighting":false,"audioPlay":false,"sceneViewState":{"m_AlwaysRefresh":false,"showFog":true,"showSkybox":false,"showFlares":true,"showImageEffects":true,"showParticleSystems":true,"showVisualEffectGraphs":true,"m_FxEnabled":true},"in2DMode":false,"pivot":{"x":-0.046950340270996097,"y":2.227296829223633,"z":-0.20689821243286134},"rotation":{"x":0.09376072883605957,"y":-0.39441782236099245,"z":0.040493354201316836,"w":0.9132421016693115},"size":3.9418773651123049,"orthographic":false}