{"cameraMode":{"drawMode":0,"name":"Shaded","section":"Shading Mode"},"sceneLighting":false,"audioPlay":false,"sceneViewState":{"m_AlwaysRefresh":false,"showFog":true,"showSkybox":false,"showFlares":true,"showImageEffects":true,"showParticleSystems":true,"showVisualEffectGraphs":true,"m_FxEnabled":true},"in2DMode":false,"pivot":{"x":2.7012901306152345,"y":4.122946739196777,"z":1.0383243560791016},"rotation":{"x":0.10141152888536453,"y":0.5309690237045288,"z":-0.06419060379266739,"w":0.8388528227806091},"size":13.282340049743653,"orthographic":false}