{"cameraMode":{"drawMode":0,"name":"Shaded","section":"Shading Mode"},"sceneLighting":false,"audioPlay":false,"sceneViewState":{"m_AlwaysRefresh":false,"showFog":true,"showSkybox":false,"showFlares":true,"showImageEffects":true,"showParticleSystems":true,"showVisualEffectGraphs":true,"m_FxEnabled":true},"in2DMode":false,"pivot":{"x":-2.2470407485961916,"y":0.21707606315612794,"z":1.4841668605804444},"rotation":{"x":0.14398391544818879,"y":-0.41445401310920718,"z":0.0665903240442276,"w":0.8961408734321594},"size":4.253389358520508,"orthographic":false}