{"cameraMode":{"drawMode":0,"name":"Shaded","section":"Shading Mode"},"sceneLighting":false,"audioPlay":false,"sceneViewState":{"m_AlwaysRefresh":false,"showFog":true,"showSkybox":false,"showFlares":true,"showImageEffects":true,"showParticleSystems":true,"showVisualEffectGraphs":true,"m_FxEnabled":true},"in2DMode":false,"pivot":{"x":-1.8716139793395997,"y":3.871835231781006,"z":-1.6035594940185547},"rotation":{"x":0.13661059737205506,"y":-0.24080167710781098,"z":0.03425569087266922,"w":0.9603049159049988},"size":8.331759452819825,"orthographic":false}