{"cameraMode":{"drawMode":0,"name":"Shaded","section":"Shading Mode"},"sceneLighting":false,"audioPlay":false,"sceneViewState":{"m_AlwaysRefresh":false,"showFog":true,"showSkybox":false,"showFlares":true,"showImageEffects":true,"showParticleSystems":true,"showVisualEffectGraphs":true,"m_FxEnabled":true},"in2DMode":false,"pivot":{"x":0.3723350763320923,"y":0.26776236295700076,"z":-0.017677485942840577},"rotation":{"x":0.12746962904930116,"y":-0.8184794187545776,"z":0.199263334274292,"w":0.5235885977745056},"size":0.7765545845031738,"orthographic":false}